name,yob
Oralla,2001
Reggis,1993
Case,1996
Zeke,2007
Giffie,2002
Dario,1963
Wyatt,1996
Branden,2010
Horatia,2008
Blanch,2006
Bev,2012
Cassi,1987
Lynna,2011
Chickie,2012
Hewett,1985
Alvis,2012
Eleanore,1997
Benoite,1969
Estell,2009
Avery,1980
Myca,1989
Tremain,1994
Krissie,1993
Lucretia,2011
Matti,1992
Katine,1984
Steffie,1978
Gabriel,2005
Katrinka,2001
Maxim,1991
Poul,2003
Charlton,2004
Alfonso,2006
Sherill,1999
Farrel,1997
Raymond,2010
Nevins,1995
Alric,2003
Pollyanna,1998
Nickolai,1993
Vivia,2002
Abdul,1986
Kristi,2005
Amanda,1996
Daryn,1993
Mickie,2011
Levin,1984
Blondie,1992
Thea,2010
Wilhelmine,2005
Garrard,2001
Irvine,2001
Caddric,1991
Billye,1993
Flss,2001
Karylin,1992
Carry,1995
Nanon,2001
Quent,2006
Delphine,1984
Tess,1994
Theressa,2010
Gregg,2006
Neddy,1992
Del,1999
Merna,2010
Paddy,1997
Urbano,1999
Jillane,2006
Winnie,2011
Alicea,1978
Terrel,1994
Galvan,2011
Sibby,2007
Gunther,1995
Matty,2003
Letizia,1999
Isak,2005
Steward,2006
Gibby,1992
Darelle,2005
Gan,2000
Ellery,1999
Abram,1995
Bobbe,2007
Euell,2011
Nicola,2006
Cyril,2009
Emerson,1997
Lenee,2013
Madelin,2005
Vasili,1998
Donny,2009
Kristian,2004
Savina,2011
Valencia,1986
Georgette,1986
Jedd,1985
Marlow,1995
Jeremias,1993